;Open_time;Open;High;Low;Close;Volume;Close_time;Quote_asset_volume;N_trades;Taker_buy_base_vol;Taker_buy_quote_vol;Ignore
0;1624011300000;21225.000000000000000;22150.000000000000000;10136.000000000000000;20002.000000000000000;255.099999999999994;1624012199999;5363190.099999999627471;5;0.000000000000000;0.000000000000000;0
1;1624012200000;20984.000000000000000;20984.000000000000000;20984.000000000000000;20984.000000000000000;9.100000000000000;1624013099999;190954.399999999994179;1;0.000000000000000;0.000000000000000;0
2;1624013100000;22172.000000000000000;22172.000000000000000;20923.000000000000000;20923.000000000000000;52.600000000000001;1624013999999;1140507.100000000093132;6;49.200000000000003;1069368.899999999906868;0
3;1624014000000;21221.000000000000000;22172.000000000000000;21221.000000000000000;21534.000000000000000;6.200000000000000;1624014899999;133773.200000000011642;3;5.000000000000000;108308.000000000000000;0
4;1624014900000;21534.000000000000000;21534.000000000000000;21534.000000000000000;21534.000000000000000;2.300000000000000;1624015799999;49528.199999999997090;1;0.000000000000000;0.000000000000000;0
5;1624015800000;21534.000000000000000;22171.000000000000000;21416.000000000000000;21477.000000000000000;102.500000000000000;1624016699999;2198062.200000000186265;6;96.799999999999997;2075318.399999999906868;0
6;1624016700000;21477.000000000000000;21477.000000000000000;21477.000000000000000;21477.000000000000000;1.000000000000000;1624017599999;21477.000000000000000;1;1.000000000000000;21477.000000000000000;0
7;1624017600000;21477.000000000000000;21477.000000000000000;21027.000000000000000;21248.000000000000000;37.600000000000001;1624018499999;804732.000000000000000;8;7.200000000000000;154171.200000000011642;0
8;1624018500000;21248.000000000000000;21248.000000000000000;21246.000000000000000;21246.000000000000000;15.600000000000000;1624019399999;331457.799999999988358;4;15.600000000000000;331457.799999999988358;0
9;1624019400000;21247.000000000000000;21247.000000000000000;21000.000000000000000;21000.000000000000000;142.500000000000000;1624020299999;3017458.299999999813735;8;128.699999999999989;2727032.299999999813735;0
10;1624020300000;21247.000000000000000;22170.000000000000000;21002.000000000000000;21009.000000000000000;829.700000000000045;1624021199999;17553243.199999999254942;10;181.099999999999994;3928506.000000000000000;0
11;1624021200000;21010.000000000000000;21011.000000000000000;21010.000000000000000;21011.000000000000000;13.300000000000001;1624022099999;279438.000000000000000;2;0.000000000000000;0.000000000000000;0
12;1624022100000;22169.000000000000000;22169.000000000000000;21009.000000000000000;21009.000000000000000;91.200000000000003;1624022999999;1922452.300000000046566;9;10.400000000000000;224817.700000000011642;0
13;1624023000000;21010.000000000000000;21010.000000000000000;20900.000000000000000;21003.000000000000000;466.199999999999989;1624023899999;9789348.300000000745058;20;116.400000000000006;2444526.399999999906868;0
14;1624023900000;20851.000000000000000;22168.000000000000000;20851.000000000000000;20852.000000000000000;597.100000000000023;1624024799999;12511895.800000000745058;4;332.600000000000023;6996546.799999999813735;0
15;1624024800000;22168.000000000000000;22169.000000000000000;20515.000000000000000;20736.000000000000000;7770.600000000000364;1624025699999;161623082.300000011920929;14;178.300000000000011;3952699.000000000000000;0
16;1624025700000;20501.000000000000000;21999.000000000000000;20501.000000000000000;20763.000000000000000;668.200000000000045;1624026599999;13847727.099999999627471;14;259.199999999999989;5390235.000000000000000;0
17;1624026600000;20515.000000000000000;20635.000000000000000;20500.000000000000000;20500.000000000000000;69.700000000000003;1624027499999;1433401.500000000000000;9;3.100000000000000;63968.500000000000000;0
18;1624027500000;20500.000000000000000;21999.000000000000000;20305.000000000000000;20305.000000000000000;1413.900000000000091;1624028399999;29399933.699999999254942;16;521.700000000000045;11108697.199999999254942;0
19;1624028400000;21998.000000000000000;21998.000000000000000;20707.000000000000000;20707.000000000000000;441.399999999999977;1624029299999;9161842.000000000000000;10;441.399999999999977;9161842.000000000000000;0
20;1624029300000;20470.000000000000000;20628.000000000000000;20310.000000000000000;20310.000000000000000;778.000000000000000;1624030199999;15859964.000000000000000;14;1.000000000000000;20628.000000000000000;0
21;1624030200000;20628.000000000000000;20628.000000000000000;20570.000000000000000;20573.000000000000000;701.500000000000000;1624031099999;14434563.500000000000000;4;701.500000000000000;14434563.500000000000000;0
22;1624031100000;20555.000000000000000;20555.000000000000000;20161.000000000000000;20257.000000000000000;32.500000000000000;1624031999999;662741.000000000000000;6;21.000000000000000;429635.000000000000000;0
23;1624032000000;20454.000000000000000;20460.000000000000000;20454.000000000000000;20460.000000000000000;162.300000000000011;1624032899999;3320599.799999999813735;9;63.700000000000003;1303243.800000000046566;0
24;1624032900000;21365.000000000000000;21365.000000000000000;21365.000000000000000;21365.000000000000000;8.600000000000000;1624033799999;183739.000000000000000;2;8.600000000000000;183739.000000000000000;0
25;1624033800000;20598.000000000000000;20598.000000000000000;20598.000000000000000;20598.000000000000000;312.399999999999977;1624034699999;6434815.200000000186265;6;4.400000000000000;90631.199999999997090;0
26;1624034700000;20598.000000000000000;21345.000000000000000;20598.000000000000000;20660.000000000000000;159.599999999999994;1624035599999;3294791.200000000186265;7;47.399999999999999;983230.599999999976717;0
27;1624035600000;20500.000000000000000;21365.000000000000000;20206.000000000000000;20206.000000000000000;305.199999999999989;1624036499999;6287052.400000000372529;17;176.599999999999994;3659428.399999999906868;0
28;1624036500000;21365.000000000000000;21365.000000000000000;20498.000000000000000;20498.000000000000000;211.599999999999994;1624037399999;4338330.500000000000000;4;189.500000000000000;3885324.700000000186265;0
29;1624037400000;20498.000000000000000;20498.000000000000000;20203.000000000000000;20203.000000000000000;22.199999999999999;1624038299999;453875.599999999976717;4;0.000000000000000;0.000000000000000;0
30;1624038300000;20219.000000000000000;20300.000000000000000;20219.000000000000000;20300.000000000000000;508.699999999999989;1624039199999;10326269.800000000745058;2;0.000000000000000;0.000000000000000;0
31;1624039200000;21365.000000000000000;21365.000000000000000;20331.000000000000000;20331.000000000000000;1092.200000000000045;1624040099999;22303925.500000000000000;10;19.199999999999999;410208.000000000000000;0
32;1624040100000;20331.000000000000000;21364.000000000000000;20100.000000000000000;20100.000000000000000;729.299999999999955;1624040999999;14721344.699999999254942;24;9.100000000000000;186148.399999999994179;0
33;1624041000000;20050.000000000000000;20360.000000000000000;20000.000000000000000;20000.000000000000000;746.500000000000000;1624041899999;14942916.000000000000000;23;19.500000000000000;395902.000000000000000;0
34;1624041900000;20005.000000000000000;20055.000000000000000;19925.000000000000000;19925.000000000000000;378.100000000000023;1624042799999;7547680.900000000372529;10;0.000000000000000;0.000000000000000;0
35;1624042800000;20989.000000000000000;20989.000000000000000;20989.000000000000000;20989.000000000000000;20.199999999999999;1624043699999;423977.799999999988358;1;20.199999999999999;423977.799999999988358;0
36;1624043700000;20498.000000000000000;20498.000000000000000;20498.000000000000000;20498.000000000000000;1216.299999999999955;1624044599999;24931717.399999998509884;2;1216.299999999999955;24931717.399999998509884;0
37;1624044600000;20110.000000000000000;20221.000000000000000;20110.000000000000000;20188.000000000000000;1496.799999999999955;1624045499999;30113547.100000001490116;10;349.300000000000011;7037322.099999999627471;0
38;1624045500000;20188.000000000000000;20188.000000000000000;20009.000000000000000;20170.000000000000000;264.100000000000023;1624046399999;5318279.200000000186265;16;0.000000000000000;0.000000000000000;0
39;1624046400000;20220.000000000000000;20353.000000000000000;20220.000000000000000;20353.000000000000000;564.000000000000000;1624047299999;11411084.400000000372529;5;564.000000000000000;11411084.400000000372529;0
40;1624047300000;20353.000000000000000;21364.000000000000000;20353.000000000000000;20540.000000000000000;613.100000000000023;1624048199999;12656388.400000000372529;5;111.099999999999994;2365639.399999999906868;0
41;1624048200000;20540.000000000000000;20540.000000000000000;20402.000000000000000;20402.000000000000000;45.600000000000001;1624049099999;933243.000000000000000;2;45.600000000000001;933243.000000000000000;0
42;1624049100000;20402.000000000000000;20402.000000000000000;20402.000000000000000;20402.000000000000000;0.000000000000000;1624049999999;0.000000000000000;0;0.000000000000000;0.000000000000000;0
43;1624050000000;20402.000000000000000;20402.000000000000000;20202.000000000000000;20402.000000000000000;382.300000000000011;1624050899999;7782024.599999999627471;4;0.000000000000000;0.000000000000000;0
44;1624050900000;20540.000000000000000;20540.000000000000000;20356.000000000000000;20356.000000000000000;1003.299999999999955;1624051799999;20607174.800000000745058;3;1003.299999999999955;20607174.800000000745058;0
45;1624051800000;20402.000000000000000;21364.000000000000000;20402.000000000000000;21364.000000000000000;30.399999999999999;1624052699999;621375.199999999953434;2;1.200000000000000;25636.799999999999272;0
46;1624052700000;21364.000000000000000;21364.000000000000000;21364.000000000000000;21364.000000000000000;42.000000000000000;1624053599999;897288.000000000000000;1;42.000000000000000;897288.000000000000000;0
47;1624053600000;20391.000000000000000;20391.000000000000000;20391.000000000000000;20391.000000000000000;1015.500000000000000;1624054499999;20707060.500000000000000;2;0.000000000000000;0.000000000000000;0
48;1624054500000;20391.000000000000000;20391.000000000000000;20391.000000000000000;20391.000000000000000;13.300000000000001;1624055399999;271200.299999999988358;2;0.000000000000000;0.000000000000000;0
49;1624055400000;21363.000000000000000;21363.000000000000000;21300.000000000000000;21300.000000000000000;39.000000000000000;1624056299999;833031.000000000000000;2;37.000000000000000;790431.000000000000000;0
50;1624056300000;20750.000000000000000;20750.000000000000000;20750.000000000000000;20750.000000000000000;24.000000000000000;1624057199999;498000.000000000000000;1;0.000000000000000;0.000000000000000;0
51;1624057200000;20500.000000000000000;20500.000000000000000;20500.000000000000000;20500.000000000000000;4.000000000000000;1624058099999;82000.000000000000000;2;0.000000000000000;0.000000000000000;0
52;1624058100000;20500.000000000000000;20500.000000000000000;20500.000000000000000;20500.000000000000000;77.500000000000000;1624058999999;1588750.000000000000000;5;24.000000000000000;492000.000000000000000;0
53;1624059000000;20500.000000000000000;20500.000000000000000;20500.000000000000000;20500.000000000000000;0.000000000000000;1624059899999;0.000000000000000;0;0.000000000000000;0.000000000000000;0
54;1624059900000;20750.000000000000000;21363.000000000000000;20368.000000000000000;20368.000000000000000;314.699999999999989;1624060799999;6547101.900000000372529;9;119.700000000000003;2550935.100000000093132;0
55;1624061700000;20689.000000000000000;20689.000000000000000;20689.000000000000000;20689.000000000000000;74.900000000000006;1624062599999;1549606.100000000093132;3;7.500000000000000;155167.500000000000000;0
56;1624062600000;21000.000000000000000;21000.000000000000000;20568.000000000000000;20697.000000000000000;178.599999999999994;1624063499999;3731766.700000000186265;11;154.500000000000000;3234075.700000000186265;0
57;1624063500000;20697.000000000000000;20697.000000000000000;20600.000000000000000;20600.000000000000000;91.200000000000003;1624064399999;1878869.500000000000000;10;0.000000000000000;0.000000000000000;0
58;1624064400000;20999.000000000000000;20999.000000000000000;20793.000000000000000;20793.000000000000000;268.199999999999989;1624065299999;5601196.599999999627471;4;133.400000000000006;2798300.200000000186265;0
59;1624065300000;20795.000000000000000;20899.000000000000000;20793.000000000000000;20796.000000000000000;1078.200000000000045;1624066199999;22422681.000000000000000;12;5.500000000000000;114944.500000000000000;0
60;1624066200000;20868.000000000000000;20868.000000000000000;20679.000000000000000;20679.000000000000000;6.300000000000000;1624067099999;130654.699999999997090;3;2.000000000000000;41735.000000000000000;0
61;1624067100000;20679.000000000000000;20679.000000000000000;20679.000000000000000;20679.000000000000000;0.000000000000000;1624067999999;0.000000000000000;0;0.000000000000000;0.000000000000000;0
62;1624068000000;21364.000000000000000;21364.000000000000000;20938.000000000000000;20938.000000000000000;29.199999999999999;1624068899999;618199.599999999976717;4;29.199999999999999;618199.599999999976717;0
63;1624068900000;20988.000000000000000;20991.000000000000000;20867.000000000000000;20867.000000000000000;40.200000000000003;1624069799999;843454.400000000023283;4;37.799999999999997;793083.199999999953434;0
64;1624069800000;20652.000000000000000;20652.000000000000000;20559.000000000000000;20559.000000000000000;133.199999999999989;1624070699999;2739820.200000000186265;6;1.000000000000000;20559.000000000000000;0
65;1624070700000;20542.000000000000000;20542.000000000000000;20542.000000000000000;20542.000000000000000;1.000000000000000;1624071599999;20542.000000000000000;1;0.000000000000000;0.000000000000000;0
66;1624071600000;20544.000000000000000;20544.000000000000000;20530.000000000000000;20530.000000000000000;355.699999999999989;1624072499999;7303901.599999999627471;6;0.000000000000000;0.000000000000000;0
67;1624072500000;20531.000000000000000;20980.000000000000000;20400.000000000000000;20980.000000000000000;1098.299999999999955;1624073399999;22567401.000000000000000;17;177.900000000000006;3676716.000000000000000;0
68;1624073400000;20400.000000000000000;20542.000000000000000;20325.000000000000000;20400.000000000000000;247.800000000000011;1624074299999;5059044.599999999627471;14;0.000000000000000;0.000000000000000;0
69;1624074300000;20396.000000000000000;20396.000000000000000;20204.000000000000000;20378.000000000000000;1873.099999999999909;1624075199999;37904295.200000002980232;18;187.099999999999994;3813633.700000000186265;0
70;1624075200000;20980.000000000000000;20980.000000000000000;20283.000000000000000;20283.000000000000000;17.300000000000001;1624076099999;354729.400000000023283;2;5.500000000000000;115390.000000000000000;0
71;1624076100000;20979.000000000000000;20979.000000000000000;20420.000000000000000;20977.000000000000000;32.100000000000001;1624076999999;662183.000000000000000;5;25.800000000000001;533537.000000000000000;0
72;1624077000000;20334.000000000000000;20961.000000000000000;20334.000000000000000;20961.000000000000000;318.800000000000011;1624077899999;6501976.000000000000000;5;10.000000000000000;209610.000000000000000;0
73;1624077900000;20960.000000000000000;20960.000000000000000;20508.000000000000000;20508.000000000000000;4.300000000000000;1624078799999;88952.800000000002910;2;4.300000000000000;88952.800000000002910;0
74;1624078800000;20500.000000000000000;20958.000000000000000;20500.000000000000000;20958.000000000000000;12.400000000000000;1624079699999;256533.200000000011642;4;7.000000000000000;145790.000000000000000;0
75;1624079700000;20957.000000000000000;20957.000000000000000;20504.000000000000000;20543.000000000000000;629.600000000000023;1624080599999;13009194.599999999627471;6;52.200000000000003;1093578.399999999906868;0
76;1624080600000;20708.000000000000000;20957.000000000000000;20708.000000000000000;20849.000000000000000;14.600000000000000;1624081499999;304111.299999999988358;5;14.600000000000000;304111.299999999988358;0
77;1624081500000;20800.000000000000000;20849.000000000000000;20750.000000000000000;20750.000000000000000;211.199999999999989;1624082399999;4392554.500000000000000;7;208.900000000000006;4344829.500000000000000;0
78;1624082400000;20849.000000000000000;20849.000000000000000;20849.000000000000000;20849.000000000000000;43.100000000000001;1624083299999;898591.900000000023283;5;14.900000000000000;310650.099999999976717;0
79;1624083300000;20764.000000000000000;20949.000000000000000;20764.000000000000000;20849.000000000000000;73.000000000000000;1624084199999;1517815.500000000000000;6;10.500000000000000;219742.500000000000000;0
80;1624084200000;20764.000000000000000;20764.000000000000000;20764.000000000000000;20764.000000000000000;32.799999999999997;1624085099999;681059.199999999953434;2;7.800000000000000;161959.200000000011642;0
81;1624085100000;20765.000000000000000;20765.000000000000000;20764.000000000000000;20765.000000000000000;139.500000000000000;1624085999999;2896705.500000000000000;6;0.000000000000000;0.000000000000000;0
82;1624086000000;20938.000000000000000;20938.000000000000000;20800.000000000000000;20818.000000000000000;114.799999999999997;1624086899999;2396853.399999999906868;10;109.299999999999997;2282123.399999999906868;0
83;1624086900000;20700.000000000000000;20784.000000000000000;20600.000000000000000;20600.000000000000000;317.600000000000023;1624087799999;6555452.799999999813735;11;81.599999999999994;1688860.800000000046566;0
84;1624087800000;20600.000000000000000;20670.000000000000000;20600.000000000000000;20670.000000000000000;241.000000000000000;1624088699999;4977366.799999999813735;6;240.000000000000000;4956766.799999999813735;0
85;1624088700000;20670.000000000000000;20670.000000000000000;20670.000000000000000;20670.000000000000000;0.000000000000000;1624089599999;0.000000000000000;0;0.000000000000000;0.000000000000000;0
86;1624089600000;21024.000000000000000;21024.000000000000000;20670.000000000000000;20670.000000000000000;262.600000000000023;1624090499999;5461521.599999999627471;6;202.599999999999994;4219743.599999999627471;0
87;1624090500000;20670.000000000000000;20829.000000000000000;20670.000000000000000;20829.000000000000000;129.900000000000006;1624091399999;2696874.600000000093132;5;81.599999999999994;1698513.600000000093132;0
88;1624091400000;20829.000000000000000;20829.000000000000000;20829.000000000000000;20829.000000000000000;1.000000000000000;1624092299999;20829.000000000000000;1;0.000000000000000;0.000000000000000;0
89;1624092300000;20829.000000000000000;21024.000000000000000;20829.000000000000000;21024.000000000000000;12.199999999999999;1624093199999;254737.799999999988358;4;3.200000000000000;67276.800000000002910;0
90;1624093200000;20860.000000000000000;20860.000000000000000;20713.000000000000000;20713.000000000000000;161.699999999999989;1624094099999;3362801.799999999813735;5;48.399999999999999;1009593.000000000000000;0
91;1624094100000;20827.000000000000000;20827.000000000000000;20650.000000000000000;20650.000000000000000;523.899999999999977;1624094999999;10850428.400000000372529;9;65.900000000000006;1370033.399999999906868;0
92;1624095000000;20738.000000000000000;20738.000000000000000;20738.000000000000000;20738.000000000000000;483.199999999999989;1624095899999;10020601.599999999627471;3;483.199999999999989;10020601.599999999627471;0
93;1624095900000;20650.000000000000000;20650.000000000000000;20580.000000000000000;20580.000000000000000;9.800000000000001;1624096799999;201914.000000000000000;5;0.000000000000000;0.000000000000000;0
94;1624096800000;20581.000000000000000;20581.000000000000000;20581.000000000000000;20581.000000000000000;45.399999999999999;1624097699999;934377.400000000023283;3;0.000000000000000;0.000000000000000;0
95;1624097700000;20581.000000000000000;20736.000000000000000;20559.000000000000000;20736.000000000000000;105.599999999999994;1624098599999;2173567.100000000093132;8;5.200000000000000;107827.199999999997090;0
96;1624098600000;20580.000000000000000;20580.000000000000000;20580.000000000000000;20580.000000000000000;230.900000000000006;1624099499999;4751922.000000000000000;3;9.900000000000000;203742.000000000000000;0
97;1624099500000;20580.000000000000000;20580.000000000000000;20525.000000000000000;20525.000000000000000;445.300000000000011;1624100399999;9148245.800000000745058;20;30.100000000000001;617802.500000000000000;0
98;1624100400000;20582.000000000000000;20582.000000000000000;20582.000000000000000;20582.000000000000000;1.000000000000000;1624101299999;20582.000000000000000;1;0.000000000000000;0.000000000000000;0
99;1624101300000;21024.000000000000000;21024.000000000000000;20727.000000000000000;20727.000000000000000;27.600000000000001;1624102199999;579609.000000000000000;4;27.600000000000001;579609.000000000000000;0
100;1624102200000;20727.000000000000000;20727.000000000000000;20726.000000000000000;20726.000000000000000;293.899999999999977;1624103099999;6091424.099999999627471;4;244.199999999999989;5061292.200000000186265;0
101;1624103100000;20725.000000000000000;20726.000000000000000;20602.000000000000000;20726.000000000000000;19.300000000000001;1624103999999;398457.000000000000000;4;6.800000000000000;140932.000000000000000;0
102;1624104000000;20726.000000000000000;20865.000000000000000;20660.000000000000000;20865.000000000000000;64.099999999999994;1624104899999;1328558.899999999906868;5;61.700000000000003;1278974.899999999906868;0
103;1624104900000;20865.000000000000000;21177.000000000000000;20701.000000000000000;20701.000000000000000;4146.699999999999818;1624105799999;86912242.299999997019768;15;2837.900000000000091;59736948.299999997019768;0
104;1624105800000;20708.000000000000000;20710.000000000000000;20701.000000000000000;20701.000000000000000;1423.900000000000091;1624106699999;29480480.800000000745058;10;0.000000000000000;0.000000000000000;0
105;1624106700000;20602.000000000000000;20602.000000000000000;20602.000000000000000;20602.000000000000000;71.500000000000000;1624107599999;1473043.000000000000000;2;0.000000000000000;0.000000000000000;0
106;1624107600000;20650.000000000000000;20882.000000000000000;20525.000000000000000;20525.000000000000000;257.000000000000000;1624108499999;5299583.299999999813735;17;131.599999999999994;2718691.899999999906868;0
107;1624108500000;20551.000000000000000;20882.000000000000000;20551.000000000000000;20882.000000000000000;31.300000000000001;1624109399999;645596.400000000023283;3;7.100000000000000;148262.200000000011642;0
108;1624109400000;20880.000000000000000;20880.000000000000000;20514.000000000000000;20514.000000000000000;988.399999999999977;1624110299999;20290308.000000000000000;19;8.400000000000000;174139.000000000000000;0
109;1624110300000;20514.000000000000000;20596.000000000000000;20450.000000000000000;20596.000000000000000;860.399999999999977;1624111199999;17619784.500000000000000;30;30.899999999999999;636416.400000000023283;0
110;1624111200000;20550.000000000000000;20551.000000000000000;20550.000000000000000;20551.000000000000000;29.500000000000000;1624112099999;606228.300000000046566;5;3.300000000000000;67818.300000000002910;0
111;1624112100000;20450.000000000000000;20646.000000000000000;20450.000000000000000;20642.000000000000000;238.800000000000011;1624112999999;4907965.900000000372529;6;236.500000000000000;4860930.900000000372529;0
112;1624113000000;20642.000000000000000;20798.000000000000000;20642.000000000000000;20642.000000000000000;107.400000000000006;1624113899999;2217559.200000000186265;6;106.400000000000006;2196917.200000000186265;0
113;1624113900000;20643.000000000000000;20758.000000000000000;20537.000000000000000;20692.000000000000000;2659.500000000000000;1624114799999;54901401.200000002980232;15;13.199999999999999;273609.599999999976717;0
114;1624114800000;20881.000000000000000;20881.000000000000000;20692.000000000000000;20778.000000000000000;134.199999999999989;1624115699999;2781685.000000000000000;9;37.700000000000003;784830.199999999953434;0
115;1624115700000;20765.000000000000000;20765.000000000000000;20765.000000000000000;20765.000000000000000;0.900000000000000;1624116599999;18688.500000000000000;1;0.900000000000000;18688.500000000000000;0
116;1624116600000;20684.000000000000000;20684.000000000000000;20580.000000000000000;20600.000000000000000;87.000000000000000;1624117499999;1791626.000000000000000;6;6.000000000000000;124104.000000000000000;0
117;1624117500000;20600.000000000000000;20655.000000000000000;20600.000000000000000;20647.000000000000000;3.500000000000000;1624118399999;72206.699999999997090;3;2.100000000000000;43366.699999999997090;0
118;1624118400000;20647.000000000000000;20774.000000000000000;20501.000000000000000;20660.000000000000000;521.899999999999977;1624119299999;10748307.599999999627471;9;68.900000000000006;1423713.399999999906868;0
119;1624119300000;20501.000000000000000;20777.000000000000000;20500.000000000000000;20600.000000000000000;83.500000000000000;1624120199999;1713117.399999999906868;7;19.000000000000000;390866.400000000023283;0
120;1624120200000;20577.000000000000000;20577.000000000000000;20451.000000000000000;20577.000000000000000;76.799999999999997;1624121099999;1579179.600000000093132;5;45.600000000000001;938311.199999999953434;0
121;1624121100000;20451.000000000000000;20577.000000000000000;20402.000000000000000;20429.000000000000000;231.199999999999989;1624121999999;4735977.400000000372529;8;75.299999999999997;1549448.100000000093132;0
122;1624122000000;20558.000000000000000;20558.000000000000000;20429.000000000000000;20429.000000000000000;12.300000000000001;1624122899999;252164.899999999994179;3;8.300000000000001;170448.899999999994179;0
123;1624122900000;20531.000000000000000;20531.000000000000000;20528.000000000000000;20528.000000000000000;1059.000000000000000;1624123799999;21739228.300000000745058;6;1059.000000000000000;21739228.300000000745058;0
124;1624123800000;20528.000000000000000;20528.000000000000000;20528.000000000000000;20528.000000000000000;16.000000000000000;1624124699999;328448.000000000000000;1;16.000000000000000;328448.000000000000000;0
125;1624124700000;20482.000000000000000;20482.000000000000000;20300.000000000000000;20418.000000000000000;198.900000000000006;1624125599999;4051230.500000000000000;18;40.200000000000003;820906.599999999976717;0
126;1624125600000;20323.000000000000000;20323.000000000000000;20250.000000000000000;20250.000000000000000;4270.500000000000000;1624126499999;86539009.400000005960464;33;0.000000000000000;0.000000000000000;0
127;1624126500000;20417.000000000000000;20417.000000000000000;20161.000000000000000;20161.000000000000000;577.600000000000023;1624127399999;11671402.699999999254942;7;9.900000000000000;202128.299999999988358;0
128;1624127400000;20162.000000000000000;20317.000000000000000;20162.000000000000000;20314.000000000000000;259.100000000000023;1624128299999;5261840.400000000372529;6;249.099999999999994;5060220.400000000372529;0
129;1624128300000;20400.000000000000000;20400.000000000000000;20400.000000000000000;20400.000000000000000;1.000000000000000;1624129199999;20400.000000000000000;1;0.000000000000000;0.000000000000000;0
130;1624129200000;20400.000000000000000;20501.000000000000000;20400.000000000000000;20500.000000000000000;6.600000000000000;1624130099999;135103.100000000005821;3;6.600000000000000;135103.100000000005821;0
131;1624130100000;20500.000000000000000;20580.000000000000000;20500.000000000000000;20580.000000000000000;83.799999999999997;1624130999999;1719551.300000000046566;10;83.799999999999997;1719551.300000000046566;0
132;1624131000000;20580.000000000000000;20617.000000000000000;20409.000000000000000;20617.000000000000000;612.100000000000023;1624131899999;12567224.400000000372529;7;308.100000000000023;6336896.400000000372529;0
133;1624131900000;20574.000000000000000;20602.000000000000000;20488.000000000000000;20557.000000000000000;24.000000000000000;1624132799999;492840.599999999976717;9;1.900000000000000;39058.300000000002910;0
134;1624132800000;20500.000000000000000;20500.000000000000000;20500.000000000000000;20500.000000000000000;40.500000000000000;1624133699999;830250.000000000000000;3;19.699999999999999;403850.000000000000000;0
135;1624133700000;20488.000000000000000;20488.000000000000000;20459.000000000000000;20459.000000000000000;3.800000000000000;1624134599999;77799.300000000002910;2;0.000000000000000;0.000000000000000;0
136;1624134600000;20528.000000000000000;20528.000000000000000;20528.000000000000000;20528.000000000000000;85.299999999999997;1624135499999;1751038.399999999906868;3;85.299999999999997;1751038.399999999906868;0
137;1624135500000;20530.000000000000000;20530.000000000000000;20530.000000000000000;20530.000000000000000;10.500000000000000;1624136399999;215565.000000000000000;1;0.000000000000000;0.000000000000000;0
138;1624136400000;20530.000000000000000;20530.000000000000000;20530.000000000000000;20530.000000000000000;0.000000000000000;1624137299999;0.000000000000000;0;0.000000000000000;0.000000000000000;0
139;1624137300000;20557.000000000000000;20557.000000000000000;20488.000000000000000;20488.000000000000000;58.200000000000003;1624138199999;1196286.300000000046566;3;56.299999999999997;1157359.100000000093132;0
140;1624138200000;20480.000000000000000;20488.000000000000000;20400.000000000000000;20400.000000000000000;285.100000000000023;1624139099999;5836929.900000000372529;9;0.000000000000000;0.000000000000000;0
141;1624139100000;20400.000000000000000;20471.000000000000000;20400.000000000000000;20471.000000000000000;97.299999999999997;1624139999999;1985614.800000000046566;6;72.299999999999997;1475125.899999999906868;0
142;1624140000000;20374.000000000000000;20374.000000000000000;20250.000000000000000;20280.000000000000000;277.300000000000011;1624140899999;5620005.299999999813735;12;0.000000000000000;0.000000000000000;0
143;1624140900000;20328.000000000000000;20328.000000000000000;20250.000000000000000;20250.000000000000000;121.299999999999997;1624141799999;2460225.000000000000000;2;50.000000000000000;1016400.000000000000000;0
144;1624141800000;20250.000000000000000;20250.000000000000000;20232.000000000000000;20232.000000000000000;203.699999999999989;1624142699999;4124764.000000000000000;9;0.000000000000000;0.000000000000000;0
145;1624142700000;20204.000000000000000;20272.000000000000000;20200.000000000000000;20272.000000000000000;248.099999999999994;1624143599999;5011772.000000000000000;8;2.000000000000000;40544.000000000000000;0
146;1624143600000;20204.000000000000000;20271.000000000000000;20200.000000000000000;20250.000000000000000;616.899999999999977;1624144499999;12468792.000000000000000;8;64.000000000000000;1297344.000000000000000;0
147;1624144500000;20272.000000000000000;20385.000000000000000;20272.000000000000000;20289.000000000000000;462.199999999999989;1624145399999;9417571.599999999627471;10;401.600000000000023;8185710.200000000186265;0
148;1624145400000;20261.000000000000000;20272.000000000000000;20180.000000000000000;20270.000000000000000;581.700000000000045;1624146299999;11790540.599999999627471;11;566.899999999999977;11491514.599999999627471;0
149;1624146300000;20270.000000000000000;20270.000000000000000;20140.000000000000000;20162.000000000000000;315.800000000000011;1624147199999;6368370.599999999627471;25;27.800000000000001;561638.000000000000000;0
150;1624148100000;20064.000000000000000;20104.000000000000000;19900.000000000000000;19900.000000000000000;7075.399999999999636;1624148999999;141512882.099999994039536;71;4.900000000000000;98505.199999999997090;0
151;1624149000000;19992.000000000000000;20099.000000000000000;19992.000000000000000;20096.000000000000000;844.200000000000045;1624149899999;16880714.100000001490116;11;836.299999999999955;16722113.699999999254942;0
152;1624149900000;20008.000000000000000;20104.000000000000000;20000.000000000000000;20104.000000000000000;231.300000000000011;1624150799999;4637264.799999999813735;10;4.000000000000000;80360.000000000000000;0
153;1624150800000;20132.000000000000000;20356.000000000000000;20132.000000000000000;20244.000000000000000;340.199999999999989;1624151699999;6889332.500000000000000;26;210.500000000000000;4267704.900000000372529;0
154;1624151700000;20272.000000000000000;20272.000000000000000;20244.000000000000000;20244.000000000000000;193.400000000000006;1624152599999;3916570.000000000000000;6;49.299999999999997;999409.599999999976717;0
155;1624152600000;20215.000000000000000;20272.000000000000000;20204.000000000000000;20272.000000000000000;1534.200000000000045;1624153499999;31014577.800000000745058;8;21.000000000000000;425460.900000000023283;0
156;1624153500000;20250.000000000000000;20272.000000000000000;20209.000000000000000;20272.000000000000000;132.199999999999989;1624154399999;2672444.000000000000000;6;9.100000000000000;184475.200000000011642;0
157;1624154400000;20211.000000000000000;20211.000000000000000;20100.000000000000000;20182.000000000000000;368.100000000000023;1624155299999;7423369.299999999813735;21;148.599999999999994;2999045.200000000186265;0
158;1624155300000;20092.000000000000000;20159.000000000000000;20050.000000000000000;20050.000000000000000;63.100000000000001;1624156199999;1268161.899999999906868;10;29.100000000000001;586149.900000000023283;0
159;1624156200000;20036.000000000000000;20158.000000000000000;20036.000000000000000;20064.000000000000000;21.300000000000001;1624157099999;428206.400000000023283;6;17.300000000000001;348006.400000000023283;0
160;1624157100000;20132.000000000000000;20244.000000000000000;20132.000000000000000;20244.000000000000000;836.299999999999955;1624157999999;16905005.600000001490116;10;466.399999999999977;9425724.000000000000000;0
161;1624158000000;20270.000000000000000;20357.000000000000000;20188.000000000000000;20357.000000000000000;352.300000000000011;1624158899999;7113325.900000000372529;8;9.100000000000000;184804.299999999988358;0
162;1624158900000;20289.000000000000000;20355.000000000000000;20264.000000000000000;20352.000000000000000;340.800000000000011;1624159799999;6909778.799999999813735;6;14.100000000000000;286972.500000000000000;0
163;1624159800000;20300.000000000000000;20350.000000000000000;20300.000000000000000;20300.000000000000000;162.400000000000006;1624160699999;3298425.000000000000000;6;112.700000000000003;2288395.000000000000000;0
164;1624160700000;20357.000000000000000;20500.000000000000000;20204.000000000000000;20300.000000000000000;169.300000000000011;1624161599999;3440579.700000000186265;22;127.299999999999997;2587951.500000000000000;0
165;1624161600000;20300.000000000000000;20329.000000000000000;20300.000000000000000;20329.000000000000000;23.500000000000000;1624162499999;477108.000000000000000;3;23.500000000000000;477108.000000000000000;0
166;1624162500000;20345.000000000000000;20386.000000000000000;20200.000000000000000;20386.000000000000000;326.000000000000000;1624163399999;6621677.200000000186265;17;85.000000000000000;1731752.899999999906868;0
167;1624163400000;20386.000000000000000;20414.000000000000000;20386.000000000000000;20400.000000000000000;103.299999999999997;1624164299999;2106076.799999999813735;6;67.799999999999997;1382224.000000000000000;0
168;1624164300000;20386.000000000000000;20443.000000000000000;20386.000000000000000;20400.000000000000000;26.399999999999999;1624165199999;538416.300000000046566;5;16.800000000000001;342593.099999999976717;0
169;1624165200000;20400.000000000000000;20642.000000000000000;20400.000000000000000;20488.000000000000000;90.000000000000000;1624166099999;1846721.800000000046566;14;50.399999999999999;1038218.699999999953434;0
170;1624166100000;20488.000000000000000;20488.000000000000000;20459.000000000000000;20459.000000000000000;265.000000000000000;1624166999999;5429264.900000000372529;4;0.000000000000000;0.000000000000000;0
171;1624167000000;20488.000000000000000;20525.000000000000000;20488.000000000000000;20517.000000000000000;123.599999999999994;1624167899999;2534313.000000000000000;6;58.299999999999997;1196446.600000000093132;0
172;1624167900000;20507.000000000000000;20507.000000000000000;20487.000000000000000;20488.000000000000000;1264.000000000000000;1624168799999;25909416.100000001490116;7;707.100000000000023;14499648.900000000372529;0
173;1624168800000;20488.000000000000000;20500.000000000000000;20402.000000000000000;20402.000000000000000;611.200000000000045;1624169699999;12491955.199999999254942;15;13.500000000000000;276579.200000000011642;0
174;1624169700000;20468.000000000000000;20500.000000000000000;20357.000000000000000;20494.000000000000000;117.900000000000006;1624170599999;2406094.100000000093132;11;36.799999999999997;753938.000000000000000;0
175;1624170600000;20500.000000000000000;20707.000000000000000;20500.000000000000000;20500.000000000000000;375.399999999999977;1624171499999;7727971.099999999627471;24;345.300000000000011;7109323.799999999813735;0
176;1624171500000;20488.000000000000000;20488.000000000000000;20401.000000000000000;20401.000000000000000;182.199999999999989;1624172399999;3717567.399999999906868;6;0.000000000000000;0.000000000000000;0
177;1624172400000;20400.000000000000000;20400.000000000000000;20333.000000000000000;20333.000000000000000;877.600000000000023;1624173299999;17874225.300000000745058;11;0.000000000000000;0.000000000000000;0
178;1624173300000;20414.000000000000000;20471.000000000000000;20317.000000000000000;20317.000000000000000;494.199999999999989;1624174199999;10061985.900000000372529;14;123.000000000000000;2514174.899999999906868;0
179;1624174200000;20317.000000000000000;20317.000000000000000;20289.000000000000000;20289.000000000000000;44.200000000000003;1624175099999;897454.199999999953434;6;2.400000000000000;48696.000000000000000;0
180;1624175100000;20289.000000000000000;20414.000000000000000;20289.000000000000000;20414.000000000000000;187.800000000000011;1624175999999;3822364.399999999906868;5;15.900000000000000;322996.099999999976717;0
181;1624176000000;20357.000000000000000;20471.000000000000000;20289.000000000000000;20443.000000000000000;529.100000000000023;1624176899999;10779475.000000000000000;17;352.699999999999989;7189031.799999999813735;0
182;1624176900000;20443.000000000000000;20443.000000000000000;20317.000000000000000;20317.000000000000000;262.600000000000023;1624177799999;5344178.799999999813735;11;0.000000000000000;0.000000000000000;0
183;1624177800000;20317.000000000000000;20317.000000000000000;20223.000000000000000;20223.000000000000000;1829.799999999999955;1624178699999;37075776.899999998509884;19;161.400000000000006;3277719.000000000000000;0
184;1624178700000;20223.000000000000000;20223.000000000000000;20200.000000000000000;20223.000000000000000;158.400000000000006;1624179599999;3202014.399999999906868;11;99.799999999999997;2018255.399999999906868;0
185;1624179600000;20223.000000000000000;20223.000000000000000;20151.000000000000000;20176.000000000000000;560.299999999999955;1624180499999;11310420.199999999254942;19;357.100000000000023;7205366.599999999627471;0
186;1624180500000;20176.000000000000000;20176.000000000000000;20176.000000000000000;20176.000000000000000;0.000000000000000;1624181399999;0.000000000000000;0;0.000000000000000;0.000000000000000;0
187;1624181400000;20244.000000000000000;20244.000000000000000;20244.000000000000000;20244.000000000000000;1.800000000000000;1624182299999;36439.199999999997090;1;1.800000000000000;36439.199999999997090;0
188;1624182300000;20196.000000000000000;20244.000000000000000;20078.000000000000000;20078.000000000000000;2251.300000000000182;1624183199999;45239640.600000001490116;34;86.000000000000000;1739286.600000000093132;0
189;1624183200000;20078.000000000000000;20078.000000000000000;19900.000000000000000;19900.000000000000000;5528.699999999999818;1624184099999;110636118.799999997019768;63;1554.099999999999909;31146793.399999998509884;0
190;1624184100000;19884.000000000000000;19989.000000000000000;19603.000000000000000;19733.000000000000000;3787.400000000000091;1624184999999;74904042.099999994039536;53;1235.000000000000000;24377456.699999999254942;0
191;1624185000000;19790.000000000000000;19991.000000000000000;19790.000000000000000;19938.000000000000000;675.899999999999977;1624185899999;13408465.500000000000000;14;274.100000000000023;5455581.500000000000000;0
192;1624185900000;19938.000000000000000;19938.000000000000000;19604.000000000000000;19604.000000000000000;2197.400000000000091;1624186799999;43475391.100000001490116;23;99.500000000000000;1973310.000000000000000;0
193;1624186800000;19604.000000000000000;19782.000000000000000;19500.000000000000000;19780.000000000000000;500.500000000000000;1624187699999;9781455.699999999254942;19;48.500000000000000;959363.099999999976717;0
194;1624187700000;19770.000000000000000;19770.000000000000000;19529.000000000000000;19769.000000000000000;324.800000000000011;1624188599999;6390798.099999999627471;10;188.800000000000011;3732441.299999999813735;0
195;1624188600000;19503.000000000000000;19596.000000000000000;19303.000000000000000;19500.000000000000000;3886.000000000000000;1624189499999;75653786.200000002980232;49;2080.900000000000091;40478638.000000000000000;0
196;1624189500000;19500.000000000000000;19659.000000000000000;19489.000000000000000;19489.000000000000000;899.000000000000000;1624190399999;17532047.000000000000000;11;151.900000000000006;2963574.200000000186265;0
197;1624190400000;19405.000000000000000;19439.000000000000000;19200.000000000000000;19234.000000000000000;2346.800000000000182;1624191299999;45275962.700000002980232;50;98.400000000000006;1890410.000000000000000;0
198;1624191300000;19450.000000000000000;19450.000000000000000;19015.000000000000000;19089.000000000000000;2664.599999999999909;1624192199999;50947538.799999997019768;27;426.600000000000023;8210127.799999999813735;0
199;1624192200000;19232.000000000000000;19232.000000000000000;19232.000000000000000;19232.000000000000000;4.900000000000000;1624193099999;94236.800000000002910;1;4.900000000000000;94236.800000000002910;0
200;1624193100000;19288.000000000000000;20130.000000000000000;19288.000000000000000;19614.000000000000000;813.799999999999955;1624193999999;15871500.800000000745058;20;138.599999999999994;2741278.000000000000000;0
201;1624194000000;19564.000000000000000;19606.000000000000000;19564.000000000000000;19606.000000000000000;29.500000000000000;1624194899999;578011.599999999976717;5;8.699999999999999;170206.799999999988358;0
202;1624194900000;19999.000000000000000;19999.000000000000000;19501.000000000000000;19625.000000000000000;2733.199999999999818;1624195799999;53596421.000000000000000;29;1153.200000000000045;22647934.399999998509884;0
203;1624195800000;19673.000000000000000;19692.000000000000000;19501.000000000000000;19692.000000000000000;658.700000000000045;1624196699999;12954527.800000000745058;10;656.200000000000045;12905775.300000000745058;0
204;1624196700000;19692.000000000000000;19700.000000000000000;19500.000000000000000;19500.000000000000000;776.000000000000000;1624197599999;15254375.099999999627471;12;31.699999999999999;624462.800000000046566;0
205;1624197600000;19550.000000000000000;19716.000000000000000;19500.000000000000000;19515.000000000000000;2127.000000000000000;1624198499999;41481478.600000001490116;26;1870.099999999999909;36471236.600000001490116;0
206;1624198500000;19999.000000000000000;19999.000000000000000;19568.000000000000000;19750.000000000000000;104.700000000000003;1624199399999;2081891.000000000000000;5;99.700000000000003;1984051.000000000000000;0
207;1624199400000;19750.000000000000000;19999.000000000000000;19614.000000000000000;19754.000000000000000;1080.400000000000091;1624200299999;21275726.100000001490116;18;42.700000000000003;843782.500000000000000;0
208;1624200300000;19754.000000000000000;19885.000000000000000;19732.000000000000000;19732.000000000000000;522.399999999999977;1624201199999;10337511.099999999627471;14;504.300000000000011;9980031.900000000372529;0
209;1624201200000;20000.000000000000000;20131.000000000000000;19500.000000000000000;20131.000000000000000;5317.699999999999818;1624202099999;104961233.299999997019768;30;656.299999999999955;12964356.000000000000000;0
210;1624202100000;20130.000000000000000;20193.000000000000000;20130.000000000000000;20187.000000000000000;44.899999999999999;1624202999999;906009.500000000000000;5;44.899999999999999;906009.500000000000000;0
211;1624203000000;20186.000000000000000;20281.000000000000000;20111.000000000000000;20174.000000000000000;6164.000000000000000;1624203899999;124447765.200000002980232;21;5611.500000000000000;113302606.700000002980232;0
212;1624203900000;20174.000000000000000;20174.000000000000000;20017.000000000000000;20022.000000000000000;664.399999999999977;1624204799999;13344804.500000000000000;10;71.299999999999997;1438406.199999999953434;0
213;1624204800000;20328.000000000000000;20329.000000000000000;20328.000000000000000;20329.000000000000000;25.600000000000001;1624205699999;520407.200000000011642;3;25.600000000000001;520407.200000000011642;0
214;1624205700000;20324.000000000000000;20330.000000000000000;20171.000000000000000;20330.000000000000000;1322.599999999999909;1624206599999;26872629.300000000745058;10;127.299999999999997;2587595.600000000093132;0
215;1624206600000;20330.000000000000000;20330.000000000000000;20330.000000000000000;20330.000000000000000;82.299999999999997;1624207499999;1673159.000000000000000;5;65.400000000000006;1329582.000000000000000;0
216;1624207500000;20330.000000000000000;20330.000000000000000;20220.000000000000000;20330.000000000000000;33.399999999999999;1624208399999;678582.000000000000000;3;0.000000000000000;0.000000000000000;0
217;1624208400000;20330.000000000000000;20330.000000000000000;20330.000000000000000;20330.000000000000000;7.000000000000000;1624209299999;142310.000000000000000;2;6.000000000000000;121980.000000000000000;0
218;1624209300000;20415.000000000000000;20415.000000000000000;20332.000000000000000;20332.000000000000000;1672.099999999999909;1624210199999;34135099.799999997019768;5;1650.000000000000000;33684750.000000000000000;0
219;1624210200000;20332.000000000000000;20332.000000000000000;20332.000000000000000;20332.000000000000000;0.000000000000000;1624211099999;0.000000000000000;0;0.000000000000000;0.000000000000000;0
220;1624211100000;20333.000000000000000;20500.000000000000000;20332.000000000000000;20500.000000000000000;1657.299999999999955;1624211999999;33698479.399999998509884;6;3.600000000000000;73800.000000000000000;0
221;1624212000000;20570.000000000000000;20662.000000000000000;20451.000000000000000;20451.000000000000000;1119.099999999999909;1624212899999;22910029.899999998509884;7;115.099999999999994;2377225.899999999906868;0
222;1624212900000;20451.000000000000000;20451.000000000000000;20451.000000000000000;20451.000000000000000;0.000000000000000;1624213799999;0.000000000000000;0;0.000000000000000;0.000000000000000;0
223;1624213800000;20517.000000000000000;20517.000000000000000;20517.000000000000000;20517.000000000000000;7.200000000000000;1624214699999;147722.399999999994179;1;0.000000000000000;0.000000000000000;0
224;1624214700000;20706.000000000000000;20707.000000000000000;20680.000000000000000;20707.000000000000000;116.400000000000006;1624215599999;2409612.100000000093132;5;116.400000000000006;2409612.100000000093132;0
225;1624215600000;20707.000000000000000;20707.000000000000000;20699.000000000000000;20699.000000000000000;842.799999999999955;1624216499999;17451430.000000000000000;5;789.100000000000023;16339893.699999999254942;0
226;1624216500000;20831.000000000000000;20831.000000000000000;20675.000000000000000;20675.000000000000000;28.399999999999999;1624217399999;589619.199999999953434;3;12.699999999999999;264553.700000000011642;0
227;1624217400000;20899.000000000000000;21112.000000000000000;20777.000000000000000;21112.000000000000000;1920.400000000000091;1624218299999;40226174.000000000000000;12;1197.599999999999909;25048573.899999998509884;0
228;1624218300000;20805.000000000000000;21112.000000000000000;20805.000000000000000;21038.000000000000000;130.000000000000000;1624219199999;2732130.299999999813735;5;110.200000000000003;2320191.299999999813735;0
229;1624219200000;21112.000000000000000;21113.000000000000000;21112.000000000000000;21113.000000000000000;28.000000000000000;1624220099999;591152.300000000046566;4;13.900000000000000;293459.000000000000000;0
230;1624220100000;21113.000000000000000;21113.000000000000000;21113.000000000000000;21113.000000000000000;0.000000000000000;1624220999999;0.000000000000000;0;0.000000000000000;0.000000000000000;0
231;1624221000000;21259.000000000000000;21259.000000000000000;20913.000000000000000;20913.000000000000000;1552.900000000000091;1624221899999;32524536.399999998509884;7;182.199999999999989;3859087.299999999813735;0
232;1624221900000;20913.000000000000000;20913.000000000000000;20913.000000000000000;20913.000000000000000;0.000000000000000;1624222799999;0.000000000000000;0;0.000000000000000;0.000000000000000;0
233;1624222800000;21449.000000000000000;21449.000000000000000;20913.000000000000000;20913.000000000000000;39.700000000000003;1624223699999;838286.099999999976717;6;15.000000000000000;321735.000000000000000;0
234;1624223700000;20913.000000000000000;21106.000000000000000;20912.000000000000000;21106.000000000000000;169.300000000000011;1624224599999;3545216.200000000186265;5;144.000000000000000;3016142.600000000093132;0
235;1624224600000;21106.000000000000000;21106.000000000000000;21105.000000000000000;21105.000000000000000;153.300000000000011;1624225499999;3235544.799999999813735;2;153.300000000000011;3235544.799999999813735;0
236;1624225500000;21103.000000000000000;21103.000000000000000;20644.000000000000000;20765.000000000000000;399.000000000000000;1624226399999;8282556.500000000000000;6;13.900000000000000;293331.700000000011642;0
237;1624226400000;20932.000000000000000;20932.000000000000000;20655.000000000000000;20836.000000000000000;13.500000000000000;1624227299999;281511.799999999988358;3;0.000000000000000;0.000000000000000;0
238;1624227300000;21093.000000000000000;21093.000000000000000;21093.000000000000000;21093.000000000000000;174.800000000000011;1624228199999;3687056.399999999906868;2;174.800000000000011;3687056.399999999906868;0
239;1624228200000;20795.000000000000000;20839.000000000000000;20795.000000000000000;20839.000000000000000;227.800000000000011;1624229099999;4745593.000000000000000;3;0.000000000000000;0.000000000000000;0
240;1624229100000;20851.000000000000000;20851.000000000000000;20851.000000000000000;20851.000000000000000;71.500000000000000;1624229999999;1490846.500000000000000;2;0.000000000000000;0.000000000000000;0
241;1624230000000;20851.000000000000000;20851.000000000000000;20851.000000000000000;20851.000000000000000;0.000000000000000;1624230899999;0.000000000000000;0;0.000000000000000;0.000000000000000;0
242;1624230900000;20851.000000000000000;20851.000000000000000;20839.000000000000000;20839.000000000000000;188.599999999999994;1624231799999;3930939.799999999813735;6;34.000000000000000;708526.000000000000000;0
243;1624231800000;20839.000000000000000;20839.000000000000000;20640.000000000000000;20640.000000000000000;90.799999999999997;1624232699999;1876062.199999999953434;4;9.800000000000001;204222.200000000011642;0
244;1624232700000;20668.000000000000000;20824.000000000000000;20668.000000000000000;20824.000000000000000;247.199999999999989;1624233599999;5146585.200000000186265;2;240.099999999999994;4999842.400000000372529;0
245;1624234500000;20640.000000000000000;20640.000000000000000;20640.000000000000000;20640.000000000000000;24.100000000000001;1624235399999;497424.000000000000000;2;0.000000000000000;0.000000000000000;0
246;1624235400000;20618.000000000000000;20975.000000000000000;20579.000000000000000;20618.000000000000000;3436.699999999999818;1624236299999;70828929.099999994039536;8;1.000000000000000;20975.000000000000000;0
247;1624236300000;20704.000000000000000;20704.000000000000000;20704.000000000000000;20704.000000000000000;4.800000000000000;1624237199999;99379.199999999997090;1;4.800000000000000;99379.199999999997090;0
248;1624237200000;20704.000000000000000;20704.000000000000000;20640.000000000000000;20640.000000000000000;27.399999999999999;1624238099999;566807.599999999976717;3;0.000000000000000;0.000000000000000;0
249;1624238100000;20618.000000000000000;20652.000000000000000;20453.000000000000000;20651.000000000000000;611.299999999999955;1624238999999;12554699.500000000000000;11;128.500000000000000;2634221.799999999813735;0
250;1624239000000;20651.000000000000000;20651.000000000000000;20450.000000000000000;20450.000000000000000;24.199999999999999;1624239899999;496044.400000000023283;4;5.600000000000000;115645.600000000005821;0
251;1624239900000;20359.000000000000000;20359.000000000000000;20359.000000000000000;20359.000000000000000;7.500000000000000;1624240799999;152692.500000000000000;1;0.000000000000000;0.000000000000000;0
252;1624240800000;20420.000000000000000;20420.000000000000000;20388.000000000000000;20388.000000000000000;222.599999999999994;1624241699999;4541568.799999999813735;3;100.000000000000000;2042000.000000000000000;0
253;1624241700000;20359.000000000000000;20388.000000000000000;20359.000000000000000;20388.000000000000000;201.099999999999994;1624242599999;4099890.500000000000000;5;47.299999999999997;964352.400000000023283;0
254;1624242600000;20387.000000000000000;20387.000000000000000;20087.000000000000000;20117.000000000000000;723.500000000000000;1624243499999;14625568.099999999627471;18;167.900000000000006;3404534.899999999906868;0
255;1624243500000;20053.000000000000000;20299.000000000000000;20053.000000000000000;20299.000000000000000;198.599999999999994;1624244399999;4002528.700000000186265;4;48.500000000000000;984501.500000000000000;0
256;1624244400000;20298.000000000000000;20298.000000000000000;20100.000000000000000;20100.000000000000000;62.799999999999997;1624245299999;1264508.000000000000000;5;9.800000000000001;198920.399999999994179;0
257;1624245300000;20100.000000000000000;20229.000000000000000;20050.000000000000000;20229.000000000000000;168.900000000000006;1624246199999;3399280.100000000093132;8;42.899999999999999;867824.099999999976717;0
258;1624246200000;20010.000000000000000;20010.000000000000000;19830.000000000000000;19988.000000000000000;8882.600000000000364;1624247099999;177651639.800000011920929;40;358.899999999999977;7173693.200000000186265;0
259;1624247100000;19920.000000000000000;20056.000000000000000;19880.000000000000000;19880.000000000000000;236.000000000000000;1624247999999;4695229.000000000000000;10;7.800000000000000;156357.000000000000000;0
260;1624248000000;19860.000000000000000;19860.000000000000000;19688.000000000000000;19808.000000000000000;1110.900000000000091;1624248899999;21909165.300000000745058;17;904.600000000000023;17838150.000000000000000;0
261;1624248900000;19808.000000000000000;19837.000000000000000;19551.000000000000000;19676.000000000000000;151.000000000000000;1624249799999;2971808.299999999813735;8;46.700000000000003;923827.300000000046566;0
262;1624249800000;19836.000000000000000;19836.000000000000000;19500.000000000000000;19836.000000000000000;1096.200000000000045;1624250699999;21428052.699999999254942;22;209.199999999999989;4129391.200000000186265;0
263;1624250700000;19831.000000000000000;20074.000000000000000;19650.000000000000000;20074.000000000000000;323.500000000000000;1624251599999;6425411.200000000186265;14;222.199999999999989;4434866.200000000186265;0
264;1624251600000;20099.000000000000000;20300.000000000000000;19800.000000000000000;19800.000000000000000;2785.400000000000091;1624252499999;56299667.600000001490116;32;2264.699999999999818;45895572.799999997019768;0
265;1624252500000;19750.000000000000000;20398.000000000000000;19750.000000000000000;19939.000000000000000;95.200000000000003;1624253399999;1893922.899999999906868;6;56.200000000000003;1121045.800000000046566;0
266;1624253400000;19939.000000000000000;20398.000000000000000;19939.000000000000000;20188.000000000000000;2239.599999999999909;1624254299999;44876476.000000000000000;14;795.399999999999977;16057465.000000000000000;0
267;1624254300000;20000.000000000000000;20042.000000000000000;19941.000000000000000;19941.000000000000000;10466.500000000000000;1624255199999;209360807.599999994039536;9;8754.399999999999636;175088000.000000000000000;0
268;1624255200000;20184.000000000000000;20395.000000000000000;20098.000000000000000;20272.000000000000000;889.000000000000000;1624256099999;17995604.699999999254942;5;889.000000000000000;17995604.699999999254942;0
269;1624256100000;20272.000000000000000;20272.000000000000000;19188.000000000000000;19188.000000000000000;9175.899999999999636;1624256999999;181453884.699999988079071;47;1.300000000000000;26353.599999999998545;0
270;1624257000000;19191.000000000000000;19585.000000000000000;19189.000000000000000;19200.000000000000000;1160.099999999999909;1624257899999;22279778.199999999254942;23;645.000000000000000;12391127.300000000745058;0
271;1624257900000;19192.000000000000000;19471.000000000000000;19100.000000000000000;19305.000000000000000;959.100000000000023;1624258799999;18445740.699999999254942;20;169.599999999999994;3298439.799999999813735;0
272;1624258800000;19305.000000000000000;19621.000000000000000;19305.000000000000000;19447.000000000000000;234.800000000000011;1624259699999;4573106.400000000372529;11;153.800000000000011;3008596.000000000000000;0
273;1624259700000;19447.000000000000000;19542.000000000000000;19300.000000000000000;19300.000000000000000;533.299999999999955;1624260599999;10329703.099999999627471;19;217.000000000000000;4217140.299999999813735;0
274;1624260600000;19300.000000000000000;19306.000000000000000;19250.000000000000000;19300.000000000000000;1650.799999999999955;1624261499999;31859815.100000001490116;17;138.400000000000006;2671181.700000000186265;0
275;1624261500000;19300.000000000000000;19982.000000000000000;19300.000000000000000;19561.000000000000000;4044.400000000000091;1624262399999;78775578.000000000000000;17;3562.900000000000091;69470918.700000002980232;0
276;1624262400000;19450.000000000000000;19631.000000000000000;19387.000000000000000;19631.000000000000000;1384.799999999999955;1624263299999;26972999.600000001490116;13;318.899999999999977;6238987.099999999627471;0
277;1624263300000;19631.000000000000000;19723.000000000000000;19500.000000000000000;19500.000000000000000;1634.799999999999955;1624264199999;31999682.000000000000000;10;228.699999999999989;4492560.599999999627471;0
278;1624264200000;19500.000000000000000;19500.000000000000000;19493.000000000000000;19493.000000000000000;7.400000000000000;1624265099999;144270.600000000005821;3;7.200000000000000;140370.600000000005821;0
279;1624265100000;19491.000000000000000;19500.000000000000000;19344.000000000000000;19500.000000000000000;700.799999999999955;1624265999999;13568271.599999999627471;14;659.000000000000000;12753171.599999999627471;0
280;1624266000000;19500.000000000000000;19561.000000000000000;19300.000000000000000;19300.000000000000000;1129.200000000000045;1624266899999;21808331.899999998509884;16;72.700000000000003;1411226.800000000046566;0
281;1624266900000;19304.000000000000000;19304.000000000000000;19000.000000000000000;19280.000000000000000;4260.399999999999636;1624267799999;81523561.299999997019768;58;52.799999999999997;1017720.000000000000000;0
282;1624267800000;19500.000000000000000;19585.000000000000000;19329.000000000000000;19361.000000000000000;868.399999999999977;1624268699999;16841496.899999998509884;11;188.699999999999989;3691210.000000000000000;0
283;1624268700000;19584.000000000000000;19584.000000000000000;19477.000000000000000;19477.000000000000000;30.899999999999999;1624269599999;604924.300000000046566;4;30.899999999999999;604924.300000000046566;0
284;1624269600000;19476.000000000000000;19476.000000000000000;19141.000000000000000;19184.000000000000000;266.500000000000000;1624270499999;5129536.000000000000000;11;15.800000000000001;306667.700000000011642;0
285;1624270500000;19342.000000000000000;19342.000000000000000;19099.000000000000000;19099.000000000000000;195.300000000000011;1624271399999;3736013.799999999813735;15;11.900000000000000;229364.200000000011642;0
286;1624271400000;19003.000000000000000;19203.000000000000000;18900.000000000000000;18968.000000000000000;4024.000000000000000;1624272299999;76457063.400000005960464;56;1648.700000000000045;31346422.199999999254942;0
287;1624272300000;18970.000000000000000;19134.000000000000000;18600.000000000000000;18795.000000000000000;3955.000000000000000;1624273199999;74818892.900000005960464;44;229.199999999999989;4339666.299999999813735;0
288;1624273200000;18600.000000000000000;18879.000000000000000;18401.000000000000000;18404.000000000000000;1591.200000000000045;1624274099999;29546058.199999999254942;58;200.000000000000000;3753536.899999999906868;0
289;1624274100000;18502.000000000000000;19198.000000000000000;18200.000000000000000;18200.000000000000000;1913.099999999999909;1624274999999;35221988.200000002980232;48;540.299999999999955;9992278.199999999254942;0
290;1624275000000;18200.000000000000000;19196.000000000000000;18200.000000000000000;18943.000000000000000;766.500000000000000;1624275899999;14450084.300000000745058;26;511.000000000000000;9683974.599999999627471;0
291;1624275900000;18650.000000000000000;19195.000000000000000;18650.000000000000000;19075.000000000000000;448.199999999999989;1624276799999;8510877.900000000372529;24;108.700000000000003;2078575.300000000046566;0
292;1624276800000;19049.000000000000000;19075.000000000000000;18755.000000000000000;18830.000000000000000;678.000000000000000;1624277699999;12822673.099999999627471;21;627.600000000000023;11873950.000000000000000;0
293;1624277700000;18830.000000000000000;19074.000000000000000;18673.000000000000000;19070.000000000000000;1695.700000000000045;1624278599999;31812746.899999998509884;22;48.399999999999999;919675.199999999953434;0
294;1624278600000;18879.000000000000000;19127.000000000000000;18744.000000000000000;18890.000000000000000;269.300000000000011;1624279499999;5081121.299999999813735;15;103.400000000000006;1959496.600000000093132;0
295;1624279500000;18890.000000000000000;18890.000000000000000;18505.000000000000000;18505.000000000000000;1363.599999999999909;1624280399999;25424808.800000000745058;18;609.899999999999977;11402272.800000000745058;0
296;1624280400000;18584.000000000000000;18600.000000000000000;18350.000000000000000;18350.000000000000000;844.600000000000023;1624281299999;15663737.900000000372529;22;447.500000000000000;8317541.599999999627471;0
297;1624281300000;18381.000000000000000;19075.000000000000000;18381.000000000000000;18503.000000000000000;108.400000000000006;1624282199999;2017979.300000000046566;9;30.199999999999999;575640.099999999976717;0
298;1624282200000;19076.000000000000000;19076.000000000000000;18900.000000000000000;19071.000000000000000;139.000000000000000;1624283099999;2631884.000000000000000;10;111.299999999999997;2108354.000000000000000;0
299;1624283100000;19071.000000000000000;19500.000000000000000;19071.000000000000000;19500.000000000000000;556.399999999999977;1624283999999;10784107.800000000745058;15;438.500000000000000;8497780.800000000745058;0
300;1624284000000;19500.000000000000000;19500.000000000000000;19266.000000000000000;19300.000000000000000;2996.000000000000000;1624284899999;58081730.100000001490116;22;283.300000000000011;5503350.000000000000000;0
301;1624284900000;19300.000000000000000;19300.000000000000000;18991.000000000000000;18991.000000000000000;466.500000000000000;1624285799999;8917647.000000000000000;20;103.000000000000000;1968673.000000000000000;0
302;1624285800000;19208.000000000000000;19208.000000000000000;19033.000000000000000;19177.000000000000000;64.599999999999994;1624286699999;1240151.300000000046566;7;8.699999999999999;167021.899999999994179;0
303;1624286700000;19360.000000000000000;19494.000000000000000;19177.000000000000000;19296.000000000000000;813.100000000000023;1624287599999;15742800.300000000745058;5;807.600000000000023;15637326.800000000745058;0
304;1624287600000;19292.000000000000000;19292.000000000000000;19043.000000000000000;19043.000000000000000;436.800000000000011;1624288499999;8346985.099999999627471;12;18.199999999999999;349882.000000000000000;0
305;1624288500000;19373.000000000000000;19373.000000000000000;19100.000000000000000;19100.000000000000000;128.500000000000000;1624289399999;2474782.200000000186265;4;84.000000000000000;1624832.199999999953434;0
306;1624289400000;19043.000000000000000;19100.000000000000000;18702.000000000000000;18737.000000000000000;767.100000000000023;1624290299999;14460474.000000000000000;16;0.000000000000000;0.000000000000000;0
307;1624290300000;18738.000000000000000;19091.000000000000000;18716.000000000000000;18990.000000000000000;145.800000000000011;1624291199999;2733253.799999999813735;9;6.400000000000000;121980.399999999994179;0
308;1624291200000;18990.000000000000000;19000.000000000000000;18990.000000000000000;19000.000000000000000;15.100000000000000;1624292099999;286835.000000000000000;5;1.100000000000000;20900.000000000000000;0
309;1624292100000;19000.000000000000000;19000.000000000000000;18500.000000000000000;18500.000000000000000;619.500000000000000;1624292999999;11496449.000000000000000;22;0.000000000000000;0.000000000000000;0
310;1624293000000;18700.000000000000000;18700.000000000000000;18500.000000000000000;18500.000000000000000;329.699999999999989;1624293899999;6131047.299999999813735;9;158.599999999999994;2965600.000000000000000;0
311;1624293900000;18500.000000000000000;18582.000000000000000;18410.000000000000000;18510.000000000000000;1045.099999999999909;1624294799999;19345244.399999998509884;19;37.399999999999999;694126.800000000046566;0
312;1624294800000;18506.000000000000000;18800.000000000000000;18486.000000000000000;18680.000000000000000;1195.799999999999955;1624295699999;22177911.500000000000000;13;58.799999999999997;1088476.199999999953434;0
313;1624295700000;18600.000000000000000;18879.000000000000000;18503.000000000000000;18503.000000000000000;1146.000000000000000;1624296599999;21319896.199999999254942;6;16.600000000000001;313391.400000000023283;0
314;1624296600000;18536.000000000000000;18663.000000000000000;18536.000000000000000;18627.000000000000000;30.100000000000001;1624297499999;560793.000000000000000;4;26.199999999999999;488502.599999999976717;0
315;1624297500000;18508.000000000000000;18877.000000000000000;18302.000000000000000;18337.000000000000000;3837.800000000000182;1624298399999;70637853.799999997019768;33;169.500000000000000;3199651.500000000000000;0
316;1624298400000;18450.000000000000000;18601.000000000000000;18450.000000000000000;18528.000000000000000;617.799999999999955;1624299299999;11438566.599999999627471;11;590.100000000000023;10925341.000000000000000;0
317;1624299300000;18889.000000000000000;18889.000000000000000;18528.000000000000000;18600.000000000000000;250.300000000000011;1624300199999;4657596.200000000186265;8;61.000000000000000;1150092.500000000000000;0
318;1624300200000;18599.000000000000000;18599.000000000000000;18597.000000000000000;18597.000000000000000;30.600000000000001;1624301099999;569106.000000000000000;4;30.600000000000001;569106.000000000000000;0
319;1624301100000;18598.000000000000000;18598.000000000000000;18598.000000000000000;18598.000000000000000;12.100000000000000;1624301999999;225035.799999999988358;1;0.000000000000000;0.000000000000000;0
320;1624302000000;18599.000000000000000;18600.000000000000000;18402.000000000000000;18458.000000000000000;4710.199999999999818;1624302899999;87330311.000000000000000;19;0.000000000000000;0.000000000000000;0
321;1624302900000;18451.000000000000000;18451.000000000000000;18397.000000000000000;18399.000000000000000;8001.199999999999818;1624303799999;147307462.099999994039536;22;93.500000000000000;1720306.500000000000000;0
322;1624303800000;18399.000000000000000;18399.000000000000000;18397.000000000000000;18397.000000000000000;484.600000000000023;1624304699999;8915570.800000000745058;9;120.900000000000006;2224197.299999999813735;0
323;1624304700000;18397.000000000000000;18397.000000000000000;18397.000000000000000;18397.000000000000000;0.000000000000000;1624305599999;0.000000000000000;0;0.000000000000000;0.000000000000000;0
324;1624305600000;18500.000000000000000;18727.000000000000000;18500.000000000000000;18727.000000000000000;676.700000000000045;1624306499999;12564452.599999999627471;4;404.899999999999977;7520931.799999999813735;0
325;1624306500000;18937.000000000000000;18937.000000000000000;18937.000000000000000;18937.000000000000000;11.400000000000000;1624307399999;215881.799999999988358;1;11.400000000000000;215881.799999999988358;0
326;1624307400000;18934.000000000000000;18934.000000000000000;18569.000000000000000;18665.000000000000000;62.799999999999997;1624308299999;1173859.600000000093132;4;15.699999999999999;293492.700000000011642;0
327;1624308300000;18743.000000000000000;18743.000000000000000;18602.000000000000000;18602.000000000000000;485.500000000000000;1624309199999;9077066.199999999254942;7;34.899999999999999;653409.599999999976717;0
328;1624309200000;18602.000000000000000;18602.000000000000000;18397.000000000000000;18397.000000000000000;354.000000000000000;1624310099999;6521386.799999999813735;8;32.000000000000000;594675.300000000046566;0
329;1624310100000;18397.000000000000000;18488.000000000000000;18108.000000000000000;18359.000000000000000;4969.399999999999636;1624310999999;90568188.799999997019768;52;131.500000000000000;2391405.399999999906868;0
330;1624311000000;18126.000000000000000;18191.000000000000000;17833.000000000000000;17833.000000000000000;10758.299999999999272;1624311899999;194423282.300000011920929;84;60.399999999999999;1079082.199999999953434;0
331;1624311900000;17831.000000000000000;17841.000000000000000;17600.000000000000000;17600.000000000000000;801.899999999999977;1624312799999;14224499.699999999254942;27;49.000000000000000;871426.199999999953434;0
332;1624312800000;17772.000000000000000;17772.000000000000000;17700.000000000000000;17761.000000000000000;94.299999999999997;1624313699999;1672954.699999999953434;7;61.500000000000000;1092358.699999999953434;0
333;1624313700000;17971.000000000000000;18994.000000000000000;17971.000000000000000;18032.000000000000000;1394.799999999999955;1624314599999;25140680.399999998509884;7;59.600000000000001;1109225.199999999953434;0
334;1624314600000;18032.000000000000000;18032.000000000000000;17600.000000000000000;17600.000000000000000;8274.700000000000728;1624315499999;146927826.500000000000000;31;140.199999999999989;2488521.500000000000000;0
335;1624315500000;17600.000000000000000;17600.000000000000000;17200.000000000000000;17200.000000000000000;3735.199999999999818;1624316399999;65194510.299999997019768;97;0.000000000000000;0.000000000000000;0
336;1624316400000;17115.000000000000000;17571.000000000000000;17102.000000000000000;17501.000000000000000;2908.500000000000000;1624317299999;50171101.000000000000000;16;342.100000000000023;5997179.900000000372529;0
337;1624317300000;18802.000000000000000;18802.000000000000000;17398.000000000000000;17600.000000000000000;569.700000000000045;1624318199999;10107482.599999999627471;21;255.599999999999994;4603565.799999999813735;0
338;1624318200000;17640.000000000000000;18798.000000000000000;17225.000000000000000;17227.000000000000000;3457.199999999999818;1624319099999;60631265.100000001490116;45;172.199999999999989;3017521.100000000093132;0
339;1624319100000;17298.000000000000000;17410.000000000000000;17101.000000000000000;17251.000000000000000;2575.699999999999818;1624319999999;44645111.600000001490116;32;1324.099999999999909;23007279.100000001490116;0
